ID,content,author,likes,shares,date-time,
2052,Come and meet us at Building 14 of RMIT.,Jac,10,24,12/05/2023 10:10,
18,Check out this epic film.,Jac,1000,1587,1/06/2023 14:25,
80,Are we into Christmas month already?!,Mac,526,25,15/11/2022 23:30,
81,What a good experiecnce.,Mac,2775,13589,12/02/2023 18:18,
82,Fantastic day today. Congratulations to all winners.,Dan,230,1214,6/06/2023 21:00,
83,Come and meet us at Building 14 of RMIT.,Dan,15,24,12/05/2023 10:10,
84,Watch out.,Jejo,900,1587,1/06/2023 14:25,
85,Are we beautiful?!,Bay,x,25,15/11/2022 23:30,
86,What a miracle!,Bay,2770,13589,12/02/2023 18:18,
87,Congratulations to your achievement.,Bay,230,1214,06/06/2023 21:00,uh
88,We want to update more.,Beyonce,324,er,7/06/2023 21:00,
89,User can edit the content created by him/herself.,Beyonce,325,234,8/06/2023 21:00,
90,Finish step by step.,Beyonce,326,234,9/06/2023 21:00,
91,Expand out view and become better.,Beyonce,327,234,10/16/2023  9:00:00 PM,
